{"src/main.cpp": 1754024986.4806633, "src/graphics/vertex_geometry/vertex_geometry.cpp": 1754023703.8356533, "src/graphics/vertex_geometry/string_invoker/vertex_geometry.cpp": 1754024776.8434231, "src/graphics/ui/ui.cpp": 1754023703.8156765, "src/graphics/shader_cache/shader_cache.cpp": 1754023703.7758987, "src/graphics/draw_info/draw_info.cpp": 1754023703.6857903, "src/graphics/input_graphics_sound_menu/input_graphics_sound_menu.cpp": 1754023703.7507925, "src/graphics/batcher/generated/absolute_position_with_colored_vertex_shader_batcher.cpp": 1754024852.7174838, "src/graphics/batcher/generated/batcher.cpp": 1754024852.717817, "src/graphics/batcher/fixed_size_array_tracker/fixed_size_array_tracker.cpp": 1754023703.6147876, "src/graphics/shader_standard/shader_standard.cpp": 1754024852.6050632, "src/graphics/grid_font/grid_font.cpp": 1754023703.731792, "src/graphics/fps_camera/fps_camera.cpp": 1754023703.7097912, "src/graphics/colors/colors.cpp": 1754023703.6644309, "src/sound/sound_system/load_sound_file.cpp": 1754023703.9377995, "src/sound/sound_system/sound_system.cpp": 1754023703.93905, "src/sound/sound_system/openal_utils/openal_utils.cpp": 1754023704.8018305, "src/sound/sound_types/sound_types.cpp": 1754023689.2982872, "src/input/mouse/mouse.cpp": 1754023703.8937979, "src/input/glfw_lambda_callback_manager/glfw_lambda_callback_manager.cpp": 1754023703.8537962, "src/input/input_state/input_state.cpp": 1754023703.874797, "src/input/window/window.cpp": 1754023703.9170227, "src/utility/meta_utils/meta_utils.cpp": 1754023705.0488396, "src/utility/temporal_binary_signal/temporal_binary_signal.cpp": 1754023705.1354923, "src/utility/unique_id_generator/unique_id_generator.cpp": 1754023705.2216928, "src/utility/stopwatch/stopwatch.cpp": 1754023705.1171484, "src/utility/glm_printing/glm_printing.cpp": 1754023704.979837, "src/utility/config_file_parser/config_file_parser.cpp": 1754023704.8858337, "src/utility/fs_utils/fs_utils.cpp": 1754023704.9618363, "src/utility/transform/transform.cpp": 1754023705.1805105, "src/utility/text_utils/text_utils.cpp": 1754023705.1573308, "src/utility/turns/turns.cpp": 1754023705.1997612, "src/utility/fixed_frequency_loop/fixed_frequency_loop.cpp": 1754023704.9438357, "src/utility/logger/logger.cpp": 1754023705.0218387, "src/utility/glm_utils/glm_utils.cpp": 1754023704.9998379, "src/system_logic/toolbox_engine/toolbox_engine.cpp": 1754023704.8297703}