{"src/main.cpp": 1755302096.614581, "src/graphics/vertex_geometry/vertex_geometry.cpp": 1755302109.7715878, "src/graphics/ui/ui.cpp": 1755302109.753282, "src/graphics/shader_cache/shader_cache.cpp": 1755302109.7145886, "src/graphics/draw_info/draw_info.cpp": 1755302109.6465895, "src/graphics/input_graphics_sound_menu/input_graphics_sound_menu.cpp": 1755302109.697589, "src/graphics/batcher/fixed_size_array_tracker/fixed_size_array_tracker.cpp": 1755302109.5805902, "src/graphics/grid_font/grid_font.cpp": 1755302109.682589, "src/graphics/fps_camera/fps_camera.cpp": 1755302109.6635892, "src/graphics/colors/colors.cpp": 1755302109.6275897, "src/sound/sound_system/load_sound_file.cpp": 1755302109.8725865, "src/sound/sound_system/sound_system.cpp": 1755302109.8738227, "src/sound/sound_system/openal_utils/openal_utils.cpp": 1755302110.7265751, "src/sound/sound_types/sound_types.cpp": 1755302096.615009, "src/input/mouse/mouse.cpp": 1755302109.835587, "src/input/glfw_lambda_callback_manager/glfw_lambda_callback_manager.cpp": 1755302109.7945876, "src/input/input_state/input_state.cpp": 1755302109.8155873, "src/input/window/window.cpp": 1755302109.8563974, "src/utility/meta_utils/meta_utils.cpp": 1755302110.981572, "src/utility/temporal_binary_signal/temporal_binary_signal.cpp": 1755302111.0686715, "src/utility/unique_id_generator/unique_id_generator.cpp": 1755302111.1585696, "src/utility/stopwatch/stopwatch.cpp": 1755302111.050571, "src/utility/glm_printing/glm_printing.cpp": 1755302110.9275725, "src/utility/config_file_parser/config_file_parser.cpp": 1755302110.8055742, "src/utility/cpp_parsing/cpp_parsing.cpp": 1755302110.827574, "src/utility/fs_utils/fs_utils.cpp": 1755302110.9025729, "src/utility/transform/transform.cpp": 1755302111.1095703, "src/utility/text_utils/text_utils.cpp": 1755302111.088661, "src/utility/turns/turns.cpp": 1755302111.1360223, "src/utility/fixed_frequency_loop/fixed_frequency_loop.cpp": 1755302110.879745, "src/utility/logger/logger.cpp": 1755302110.9565723, "src/utility/glm_utils/glm_utils.cpp": 1755302110.9425724, "src/system_logic/toolbox_engine/toolbox_engine.cpp": 1755302110.7594967}