{"src/main.cpp": 1753480978.3835871, "src/input/input_state/input_state.cpp": 1753395678.4931874, "src/input/glfw_lambda_callback_manager/glfw_lambda_callback_manager.cpp": 1753395678.4791873, "src/input/window/window.cpp": 1753395678.5231876, "src/input/mouse/mouse.cpp": 1753395678.5111876, "src/system_logic/toolbox_engine/toolbox_engine.cpp": 1753395679.372195, "src/sound/sound_system/sound_system.cpp": 1753395678.539188, "src/sound/sound_system/load_sound_file.cpp": 1753395678.539188, "src/sound/sound_system/openal_utils/openal_utils.cpp": 1753395679.3551948, "src/sound/sound_types/sound_types.cpp": 1753395666.2010827, "src/utility/stopwatch/stopwatch.cpp": 1753395679.5521965, "src/utility/temporal_binary_signal/temporal_binary_signal.cpp": 1753395679.5641966, "src/utility/config_file_parser/config_file_parser.cpp": 1753395679.389195, "src/utility/fs_utils/fs_utils.cpp": 1753395679.4491956, "src/utility/glm_utils/glm_utils.cpp": 1753470811.204338, "src/utility/text_utils/text_utils.cpp": 1753480313.7215989, "src/utility/glm_printing/glm_printing.cpp": 1753471732.488519, "src/utility/transform/transform.cpp": 1753395679.5951967, "src/utility/fixed_frequency_loop/fixed_frequency_loop.cpp": 1753395679.4331954, "src/utility/turns/turns.cpp": 1753395679.608197, "src/utility/logger/logger.cpp": 1753395679.4861958, "src/utility/unique_id_generator/unique_id_generator.cpp": 1753395679.6221972, "src/utility/meta_utils/meta_types.cpp": 1753481912.712514, "src/utility/meta_utils/meta_utils.cpp": 1753481324.6490984, "src/graphics/batcher/fixed_size_array_tracker/fixed_size_array_tracker.cpp": 1753395678.319186, "src/graphics/batcher/generated/batcher.cpp": 1753481916.4301784, "src/graphics/batcher/generated/absolute_position_with_colored_vertex_shader_batcher.cpp": 1753481916.4299486, "src/graphics/shader_standard/shader_standard.cpp": 1753481916.3342414, "src/graphics/colors/colors.cpp": 1753395678.3581862, "src/graphics/ui/ui.cpp": 1753395678.452187, "src/graphics/draw_info/draw_info.cpp": 1753395678.3731863, "src/graphics/shader_cache/shader_cache.cpp": 1753395678.428187, "src/graphics/vertex_geometry/vertex_geometry.cpp": 1753395678.4661872, "src/graphics/input_graphics_sound_menu/input_graphics_sound_menu.cpp": 1753395678.4131868, "src/graphics/grid_font/grid_font.cpp": 1753395678.4001865, "src/graphics/fps_camera/fps_camera.cpp": 1753395678.3871865}