{"src/main.cpp": 1753240827.328958, "src/graphics/vertex_geometry/vertex_geometry.cpp": 1753129520.4010305, "src/graphics/ui/ui.cpp": 1753129536.7625356, "src/graphics/shader_cache/shader_cache.cpp": 1753129508.6231577, "src/graphics/draw_info/draw_info.cpp": 1753129706.623236, "src/graphics/input_graphics_sound_menu/input_graphics_sound_menu.cpp": 1753129464.267663, "src/graphics/batcher/generated/absolute_position_with_colored_vertex_shader_batcher.cpp": 1753241150.7223015, "src/graphics/batcher/generated/batcher.cpp": 1753241150.7225487, "src/graphics/batcher/fixed_size_array_tracker/fixed_size_array_tracker.cpp": 1753223900.701015, "src/graphics/shader_standard/shader_standard.cpp": 1753241150.5699596, "src/graphics/grid_font/grid_font.cpp": 1753129711.071334, "src/graphics/fps_camera/fps_camera.cpp": 1753128934.2821865, "src/graphics/colors/colors.cpp": 1753129554.6273844, "src/sound/sound_system/load_sound_file.cpp": 1753129529.6038015, "src/sound/sound_system/sound_system.cpp": 1753129529.6049786, "src/sound/sound_system/openal_utils/openal_utils.cpp": 1753223901.8850274, "src/sound/sound_types/sound_types.cpp": 1753135002.0399647, "src/input/mouse/mouse.cpp": 1753129449.4725661, "src/input/glfw_lambda_callback_manager/glfw_lambda_callback_manager.cpp": 1753129472.067714, "src/input/input_state/input_state.cpp": 1753128937.994211, "src/input/window/window.cpp": 1753129557.7390125, "src/utility/temporal_binary_signal/temporal_binary_signal.cpp": 1753129455.4496052, "src/utility/unique_id_generator/unique_id_generator.cpp": 1753129713.642918, "src/utility/stopwatch/stopwatch.cpp": 1753129702.9102395, "src/utility/glm_printing/glm_printing.cpp": 1753129570.1063561, "src/utility/config_file_parser/config_file_parser.cpp": 1753128941.030231, "src/utility/fs_utils/fs_utils.cpp": 1753129458.015622, "src/utility/transform/transform.cpp": 1753129444.0821245, "src/utility/text_utils/text_utils.cpp": 1753129559.9655955, "src/utility/turns/turns.cpp": 1753129567.4373388, "src/utility/fixed_frequency_loop/fixed_frequency_loop.cpp": 1753129513.8408906, "src/utility/logger/logger.cpp": 1753129460.6956396, "src/system_logic/toolbox_engine/toolbox_engine.cpp": 1753121781.1365438}