{"src/main.cpp": 1753982820.2196643, "src/input/input_state/input_state.cpp": 1753982746.2777166, "src/input/glfw_lambda_callback_manager/glfw_lambda_callback_manager.cpp": 1753982746.2627163, "src/input/window/window.cpp": 1753982746.3177173, "src/input/mouse/mouse.cpp": 1753982746.2917168, "src/system_logic/toolbox_engine/toolbox_engine.cpp": 1753982747.2517378, "src/sound/sound_system/sound_system.cpp": 1753982746.341718, "src/sound/sound_system/load_sound_file.cpp": 1753982746.341718, "src/sound/sound_system/openal_utils/openal_utils.cpp": 1753982747.2367375, "src/sound/sound_types/sound_types.cpp": 1753982733.897742, "src/utility/stopwatch/stopwatch.cpp": 1753982747.4967432, "src/utility/temporal_binary_signal/temporal_binary_signal.cpp": 1753982747.5227437, "src/utility/config_file_parser/config_file_parser.cpp": 1753982747.2857387, "src/utility/fs_utils/fs_utils.cpp": 1753982747.3567402, "src/utility/glm_utils/glm_utils.cpp": 1753982747.3887408, "src/utility/text_utils/text_utils.cpp": 1753982747.5457442, "src/utility/glm_printing/glm_printing.cpp": 1753982747.3707404, "src/utility/transform/transform.cpp": 1753982747.5667448, "src/utility/fixed_frequency_loop/fixed_frequency_loop.cpp": 1753982747.3347397, "src/utility/turns/turns.cpp": 1753982747.5887454, "src/utility/logger/logger.cpp": 1753982747.4077413, "src/utility/unique_id_generator/unique_id_generator.cpp": 1753982747.6147459, "src/utility/meta_utils/meta_utils.cpp": 1753982747.434742, "src/graphics/batcher/fixed_size_array_tracker/fixed_size_array_tracker.cpp": 1753982746.024711, "src/graphics/batcher/generated/batcher.cpp": 1753982785.193363, "src/graphics/batcher/generated/absolute_position_with_colored_vertex_shader_batcher.cpp": 1753982785.1931522, "src/graphics/shader_standard/shader_standard.cpp": 1753982785.096767, "src/graphics/colors/colors.cpp": 1753982746.0797122, "src/graphics/ui/ui.cpp": 1753982746.2297156, "src/graphics/draw_info/draw_info.cpp": 1753982746.1047127, "src/graphics/shader_cache/shader_cache.cpp": 1753982746.1937146, "src/graphics/vertex_geometry/vertex_geometry.cpp": 1753982746.244716, "src/graphics/input_graphics_sound_menu/input_graphics_sound_menu.cpp": 1753982746.1667142, "src/graphics/grid_font/grid_font.cpp": 1753982746.1517138, "src/graphics/fps_camera/fps_camera.cpp": 1753982746.1317134}